state,year,weather_code,temp_max_c,temp_min_c,temp_range_c,apparent_temp_max_c,apparent_temp_min_c,precipitation_mm,rain_mm,snowfall_cm,precipitation_hours,sunshine_duration_sec,daylight_duration_sec,wind_speed_max_kmh,wind_gusts_max_kmh,wind_direction_dominant_deg,solar_radiation_mj_m2,reference_evapotranspiration_mm
Andaman and Nicobar Islands,1982.79,42.53,27.6,26.15,1.45,31.28,28.58,6.35,6.35,0.0,10.09,35273.33,43668.81,25.55,35.63,158.75,19.0,4.14
Andhra Pradesh,1982.79,28.59,31.61,24.26,7.35,35.58,27.85,2.8,2.8,0.0,3.85,35414.43,43702.48,16.54,33.33,172.76,18.77,4.43
Assam,1982.79,39.3,29.25,20.93,8.32,33.23,24.07,7.89,7.89,0.0,7.9,32916.4,43773.12,11.16,28.07,144.73,15.72,3.31
Bihar,1982.79,26.2,31.27,20.96,10.31,33.8,22.88,3.13,3.13,0.0,4.18,36515.05,43766.39,14.64,29.84,184.11,18.3,4.45
Chandigarh,1982.79,23.55,29.77,18.44,11.33,30.85,19.06,2.15,2.15,0.0,2.83,38028.81,43817.75,13.88,31.29,228.4,18.46,4.46
Chhattisgarh,1982.79,26.52,31.97,21.51,10.46,34.45,22.84,3.97,3.97,0.0,4.3,35304.9,43731.57,12.68,28.43,174.67,18.51,4.56
Delhi,1982.79,20.86,31.05,19.7,11.35,32.38,20.44,1.98,1.98,0.0,2.69,37562.39,43789.59,14.86,30.58,220.5,18.97,4.81
Gujarat,1982.79,17.43,32.35,22.36,9.99,34.37,23.85,2.02,2.02,0.0,2.82,37111.34,43738.4,16.27,31.43,196.04,19.63,5.08
Himachal Pradesh,1982.79,36.04,16.91,6.94,9.97,15.95,5.09,4.63,4.46,0.12,5.82,37230.7,43820.46,9.76,32.5,208.93,17.94,3.05
Jammu and Kashmir,1982.79,30.92,23.65,11.88,11.77,24.56,11.27,5.54,5.01,0.37,5.64,37506.12,43847.79,8.52,21.66,201.4,18.11,3.6
Jharkhand,1982.79,29.09,28.64,18.87,9.77,30.09,19.62,3.75,3.75,0.0,4.73,35334.7,43747.3,13.57,30.45,229.1,18.29,4.19
Karnataka,1982.79,32.95,28.86,21.43,7.43,31.48,23.64,4.18,4.18,0.0,5.77,35296.65,43676.43,16.39,34.12,215.48,19.16,4.2
Kerala,1982.79,44.57,30.08,23.82,6.26,35.58,28.02,6.45,6.45,0.0,9.31,35227.55,43657.11,13.27,32.87,249.47,18.63,3.8
Ladakh,1982.79,37.45,5.47,-5.8,11.27,3.57,-9.13,1.09,0.4,0.53,4.89,39362.49,43858.41,5.06,26.13,275.73,21.68,3.0
Madhya Pradesh,1982.79,21.75,30.95,19.98,10.97,31.9,19.88,2.95,2.95,0.0,3.47,35495.51,43745.28,15.04,31.76,199.13,18.82,4.96
Maharashtra,1982.79,24.82,30.66,21.06,9.6,32.89,22.6,3.68,3.68,0.0,5.3,35312.11,43721.72,15.55,32.84,207.39,18.72,4.41
Manipur,1982.79,35.33,25.75,16.84,8.91,28.12,18.68,3.72,3.72,0.0,6.59,33623.38,43759.85,9.29,29.47,212.94,16.47,3.21
Meghalaya,1982.79,42.09,20.69,12.84,7.85,21.81,13.06,11.79,11.79,0.0,10.54,31944.75,43765.29,8.1,29.77,195.48,15.01,2.62
Odisha,1982.79,31.83,31.6,23.0,8.6,35.75,26.75,4.32,4.32,0.0,4.73,34110.86,43724.12,13.19,28.97,171.91,17.95,4.04
Puducherry,1982.79,31.43,30.55,25.66,4.89,34.97,29.06,2.64,2.64,0.0,4.32,36918.37,43671.54,19.26,31.98,145.02,19.7,4.76
Punjab,1982.79,23.83,30.02,18.13,11.88,31.69,18.94,2.32,2.32,0.0,2.88,38325.73,43824.62,12.36,26.65,205.43,18.57,4.32
Rajasthan,1982.79,13.76,31.91,20.11,11.8,32.08,19.7,1.1,1.1,0.0,1.6,38271.18,43772.72,16.8,32.15,186.03,20.11,5.69
Sikkim,1982.79,54.88,20.28,13.16,7.12,21.84,13.5,13.75,13.71,0.03,15.73,30087.41,43782.38,6.01,30.17,186.39,13.14,2.39
Tamil Nadu,1982.79,32.9,31.9,23.74,8.16,35.17,26.93,2.38,2.38,0.0,4.01,36342.69,43668.05,15.26,33.53,161.47,19.39,4.59
Telangana,1982.79,26.26,31.52,21.63,9.89,33.4,22.79,2.21,2.21,0.0,3.4,36034.56,43706.89,16.44,34.8,184.88,19.05,4.83
Tripura,1982.79,35.55,29.96,21.1,8.86,33.89,23.9,5.48,5.48,0.0,6.08,32558.59,43751.41,12.58,28.05,175.11,16.13,3.48
Uttar Pradesh,1982.79,21.27,31.37,20.05,11.32,33.12,21.04,2.51,2.51,0.0,3.17,37020.21,43778.5,14.31,29.19,210.29,18.88,4.74
Uttarakhand,1982.79,29.63,26.79,15.69,11.1,28.51,16.17,4.28,4.27,0.0,4.81,37040.23,43812.39,9.74,26.98,172.68,17.9,3.74
West Bengal,1982.79,32.5,30.93,22.51,8.42,34.71,25.84,4.36,4.36,0.0,5.17,34521.55,43737.8,13.6,29.27,195.85,17.46,3.92
